Open,High,Low,Close,Adj Close,Volume
0.084,0.078,0.073,0.072,0.07,0.214
0.073,0.067,0.061,0.069,0.067,0.1791
0.058,0.055,0.043,0.042,0.041,0.2863
0.048,0.044,0.042,0.044,0.043,0.1566
0.038,0.041,0.041,0.047,0.046,0.1554
0.053,0.055,0.053,0.063,0.061,0.151
0.051,0.046,0.049,0.047,0.045,0.2787
0.047,0.06,0.053,0.066,0.064,0.2208
0.075,0.077,0.07,0.068,0.066,0.3489
0.065,0.061,0.06,0.061,0.059,0.1427
0.056,0.051,0.05,0.05,0.048,0.0823
0.054,0.049,0.052,0.055,0.053,0.1398
0.057,0.066,0.057,0.074,0.072,0.1581
0.058,0.065,0.061,0.072,0.07,0.2095
0.073,0.073,0.071,0.068,0.066,0.2255
0.067,0.061,0.056,0.055,0.053,0.2281
0.049,0.047,0.047,0.053,0.051,0.0604
0.053,0.054,0.054,0.057,0.055,0.0893
0.046,0.043,0.042,0.04,0.039,0.1728
0.046,0.042,0.04,0.038,0.037,0.1177
0.036,0.03,0.021,0.021,0.02,0.4164
0.017,0.013,0.01,0.011,0.01,0.2007
0.011,0.01,0.001,0.016,0.015,0.2465
0.013,0.011,0.017,0.018,0.017,0.092
0.011,0.012,0.017,0.021,0.021,0.0792
0.021,0.018,0.021,0.023,0.022,0.0722
0.02,0.015,0.021,0.024,0.023,0.1122
0.02,0.014,0.02,0.018,0.018,0.0842
0.022,0.018,0.022,0.021,0.02,0.0989
0.021,0.019,0.022,0.019,0.019,0.1274
0.016,0.013,0.0,0.0,0.0,0.2759
0.001,0.0,0.001,0.0,0.0,0.1959
0.0,0.014,0.003,0.022,0.021,0.2816
0.018,0.015,0.02,0.019,0.019,0.1464
0.013,0.015,0.017,0.02,0.019,0.1605
0.03,0.03,0.033,0.035,0.034,0.1243
0.042,0.055,0.045,0.061,0.059,0.3044
0.059,0.06,0.06,0.063,0.061,0.2227
0.06,0.057,0.056,0.063,0.061,0.1936
0.062,0.068,0.067,0.073,0.071,0.2051
0.071,0.068,0.065,0.066,0.063,0.0797
0.065,0.059,0.057,0.062,0.06,0.157
0.06,0.06,0.06,0.064,0.062,0.0788
0.062,0.061,0.067,0.066,0.064,0.1121
0.082,0.089,0.08,0.095,0.092,0.3202
0.099,0.122,0.105,0.131,0.126,0.2674
0.123,0.126,0.129,0.135,0.131,0.191
0.126,0.124,0.128,0.133,0.129,0.0894
0.116,0.116,0.116,0.117,0.113,0.056
0.113,0.12,0.117,0.125,0.121,0.0931
0.133,0.135,0.129,0.141,0.136,0.2117
0.137,0.133,0.138,0.14,0.136,0.1284
0.146,0.146,0.147,0.155,0.15,0.0895
0.147,0.149,0.148,0.157,0.152,0.0945
0.147,0.15,0.153,0.157,0.152,0.0635
0.147,0.15,0.149,0.158,0.153,0.064
0.154,0.148,0.15,0.152,0.147,0.0742
0.147,0.145,0.15,0.155,0.15,0.0211
0.153,0.153,0.154,0.155,0.15,0.1238
0.152,0.148,0.155,0.156,0.151,0.2321
0.153,0.153,0.158,0.158,0.153,0.2398
0.131,0.14,0.127,0.146,0.141,0.4242
0.16,0.157,0.144,0.143,0.139,0.2688
0.149,0.171,0.156,0.172,0.166,0.2197
0.161,0.161,0.165,0.167,0.161,0.0572
0.159,0.156,0.158,0.165,0.16,0.0299
0.151,0.15,0.155,0.158,0.153,0.0403
0.154,0.152,0.156,0.157,0.152,0.0374
0.149,0.151,0.154,0.16,0.155,0.0733
0.16,0.169,0.162,0.176,0.17,0.1669
0.169,0.163,0.16,0.16,0.155,0.1096
0.161,0.155,0.156,0.159,0.154,0.0266
0.156,0.15,0.153,0.154,0.149,0.0157
0.149,0.146,0.15,0.152,0.147,0.0815
0.154,0.148,0.152,0.15,0.145,0.0655
0.15,0.148,0.152,0.157,0.152,0.0749
0.151,0.149,0.154,0.156,0.151,0.0401
0.172,0.167,0.168,0.173,0.168,0.1363
0.163,0.164,0.168,0.167,0.162,0.0857
0.169,0.166,0.171,0.172,0.167,0.1852
0.174,0.18,0.176,0.185,0.179,0.1524
0.179,0.175,0.178,0.176,0.17,0.0599
0.175,0.185,0.18,0.192,0.186,0.1315
0.195,0.192,0.167,0.167,0.162,0.19
0.167,0.168,0.172,0.173,0.167,0.1715
0.167,0.174,0.174,0.177,0.171,0.1963
0.172,0.167,0.167,0.175,0.169,0.106
0.162,0.192,0.167,0.196,0.19,0.2408
0.186,0.183,0.186,0.19,0.184,0.042
0.186,0.184,0.183,0.187,0.181,0.054
0.19,0.191,0.193,0.194,0.188,0.1739
0.186,0.197,0.189,0.205,0.199,0.181
0.201,0.207,0.205,0.213,0.206,0.2417
0.209,0.208,0.213,0.215,0.208,0.1065
0.209,0.204,0.213,0.211,0.205,0.0972
0.205,0.206,0.211,0.215,0.208,0.074
0.21,0.214,0.215,0.222,0.215,0.0628
0.217,0.214,0.217,0.222,0.215,0.1183
0.218,0.217,0.223,0.226,0.219,0.0824
0.222,0.222,0.225,0.23,0.222,0.0798
0.226,0.223,0.231,0.23,0.223,0.0855
0.236,0.23,0.235,0.239,0.232,0.0472
0.232,0.232,0.235,0.241,0.234,0.1084
0.241,0.236,0.24,0.241,0.234,0.1152
0.245,0.239,0.236,0.234,0.226,0.1492
0.246,0.244,0.234,0.232,0.224,0.1309
0.26,0.258,0.263,0.265,0.257,0.2007
0.263,0.264,0.269,0.272,0.263,0.1786
0.277,0.277,0.278,0.278,0.269,0.2974
0.275,0.272,0.269,0.267,0.258,0.161
0.261,0.26,0.264,0.261,0.253,0.1536
0.265,0.26,0.26,0.269,0.261,0.1236
0.265,0.276,0.272,0.284,0.275,0.1839
0.275,0.275,0.279,0.284,0.275,0.0885
0.277,0.279,0.28,0.286,0.277,0.1402
0.281,0.288,0.283,0.298,0.289,0.107
0.291,0.288,0.292,0.298,0.289,0.1355
0.291,0.295,0.293,0.305,0.295,0.1581
0.297,0.305,0.305,0.312,0.303,0.0684
0.306,0.304,0.311,0.314,0.304,0.1272
0.31,0.313,0.314,0.322,0.312,0.0532
0.318,0.324,0.326,0.334,0.323,0.0419
0.334,0.334,0.337,0.338,0.328,0.1118
0.33,0.331,0.324,0.323,0.313,0.0904
0.315,0.319,0.303,0.327,0.317,0.1094
0.323,0.318,0.319,0.326,0.316,0.1125
0.319,0.319,0.323,0.328,0.318,0.1026
0.323,0.317,0.314,0.316,0.306,0.1076
0.312,0.314,0.319,0.324,0.314,0.0605
0.332,0.347,0.334,0.352,0.34,0.1685
0.351,0.345,0.35,0.35,0.339,0.082
0.345,0.345,0.351,0.354,0.342,0.0296
0.356,0.356,0.362,0.366,0.354,0.1041
0.361,0.359,0.362,0.366,0.354,0.0783
0.361,0.362,0.364,0.363,0.352,0.0477
0.362,0.356,0.36,0.359,0.348,0.0903
0.356,0.362,0.359,0.371,0.36,0.0412
0.367,0.37,0.372,0.376,0.364,0.1099
0.37,0.372,0.371,0.371,0.359,0.06
0.37,0.373,0.375,0.378,0.366,0.1131
0.371,0.368,0.354,0.363,0.352,0.0869
0.364,0.376,0.373,0.382,0.37,0.2044
0.375,0.381,0.38,0.385,0.373,0.2452
0.375,0.372,0.374,0.377,0.365,0.0558
0.372,0.374,0.376,0.376,0.364,0.3122
0.381,0.376,0.381,0.382,0.37,0.1046
0.376,0.374,0.38,0.381,0.369,0.0491
0.383,0.378,0.367,0.37,0.359,0.2833
0.375,0.369,0.367,0.364,0.353,0.1969
0.359,0.357,0.359,0.36,0.349,0.2035
0.363,0.359,0.361,0.368,0.357,0.1007
0.357,0.354,0.354,0.354,0.349,0.1415
0.351,0.361,0.358,0.37,0.365,0.1195
0.368,0.362,0.345,0.344,0.339,0.1018
0.347,0.348,0.34,0.355,0.35,0.1679
0.358,0.36,0.36,0.367,0.362,0.0778
0.357,0.362,0.36,0.369,0.364,0.0892
0.362,0.361,0.361,0.359,0.354,0.0865
0.362,0.361,0.363,0.368,0.363,0.0519
0.366,0.367,0.373,0.373,0.367,0.0493
0.37,0.367,0.367,0.373,0.368,0.0974
0.374,0.385,0.381,0.392,0.386,0.0556
0.386,0.387,0.392,0.396,0.39,0.0309
0.389,0.397,0.396,0.405,0.398,0.0883
0.4,0.396,0.403,0.401,0.395,0.0326
0.393,0.397,0.4,0.404,0.398,0.031
0.404,0.403,0.406,0.413,0.407,0.0712
0.411,0.411,0.415,0.419,0.413,0.0839
0.411,0.408,0.411,0.414,0.408,0.0215
0.42,0.436,0.423,0.446,0.439,0.1095
0.439,0.445,0.439,0.456,0.449,0.1009
0.451,0.463,0.46,0.475,0.467,0.1035
0.474,0.475,0.471,0.474,0.466,0.0775
0.471,0.472,0.474,0.481,0.473,0.0308
0.475,0.471,0.48,0.48,0.472,0.045
0.482,0.507,0.489,0.509,0.5,0.1807
0.498,0.502,0.501,0.511,0.502,0.0872
0.501,0.498,0.503,0.5,0.491,0.0603
0.495,0.494,0.489,0.488,0.48,0.1693
0.485,0.48,0.488,0.488,0.48,0.0842
0.482,0.478,0.475,0.474,0.466,0.1103
0.465,0.475,0.465,0.485,0.476,0.0891
0.47,0.468,0.454,0.451,0.444,0.1057
0.445,0.442,0.434,0.44,0.433,0.2298
0.447,0.457,0.453,0.461,0.453,0.0691
0.459,0.456,0.466,0.466,0.458,0.0782
0.465,0.466,0.472,0.473,0.465,0.0876
0.464,0.458,0.45,0.448,0.441,0.0506
0.444,0.443,0.452,0.449,0.442,0.0489
0.445,0.456,0.45,0.463,0.455,0.128
0.46,0.463,0.464,0.469,0.462,0.061
0.465,0.465,0.469,0.467,0.459,0.0242
0.466,0.466,0.473,0.471,0.464,0.0223
0.47,0.465,0.472,0.469,0.461,0.042
0.468,0.465,0.471,0.469,0.462,0.0272
0.45,0.457,0.459,0.465,0.457,0.0665
0.464,0.465,0.469,0.473,0.465,0.0797
0.459,0.482,0.468,0.489,0.48,0.1341
0.484,0.485,0.486,0.489,0.48,0.0377
0.472,0.47,0.442,0.446,0.439,0.1209
0.454,0.463,0.457,0.467,0.459,0.0404
0.468,0.474,0.476,0.481,0.473,0.049
0.474,0.484,0.483,0.489,0.48,0.031
0.495,0.498,0.498,0.508,0.499,0.0262
0.507,0.511,0.509,0.513,0.504,0.0867
0.508,0.514,0.516,0.514,0.505,0.0501
0.503,0.501,0.502,0.504,0.496,0.0297
0.502,0.502,0.51,0.513,0.504,0.0395
0.512,0.51,0.515,0.52,0.511,0.0585
0.514,0.513,0.515,0.521,0.512,0.136
0.515,0.51,0.496,0.499,0.49,0.0823
0.492,0.49,0.495,0.494,0.486,0.0566
0.482,0.482,0.487,0.486,0.478,0.0376
0.467,0.461,0.441,0.446,0.439,0.1758
0.441,0.445,0.444,0.452,0.445,0.0587
0.438,0.432,0.424,0.439,0.432,0.1159
0.435,0.452,0.442,0.462,0.454,0.1093
0.461,0.465,0.464,0.475,0.467,0.0816
0.467,0.461,0.453,0.453,0.445,0.0986
0.449,0.447,0.449,0.45,0.443,0.0773
0.448,0.444,0.443,0.443,0.436,0.0229
0.44,0.437,0.441,0.438,0.431,0.1038
0.434,0.431,0.434,0.437,0.43,0.0665
0.434,0.428,0.429,0.432,0.425,0.0771
0.432,0.434,0.438,0.44,0.433,0.1375
0.433,0.436,0.44,0.437,0.43,0.0447
0.447,0.45,0.453,0.454,0.447,0.0458
0.462,0.496,0.471,0.504,0.496,0.1759
0.499,0.501,0.474,0.477,0.469,0.1367
0.468,0.468,0.455,0.453,0.445,0.1466
0.467,0.464,0.46,0.461,0.454,0.1618
0.448,0.455,0.446,0.465,0.457,0.0717
0.463,0.464,0.464,0.47,0.463,0.0771
0.469,0.466,0.457,0.453,0.446,0.0908
0.458,0.452,0.455,0.454,0.447,0.1639
0.42,0.427,0.385,0.387,0.381,0.3445
0.421,0.419,0.387,0.396,0.39,0.1889
0.394,0.409,0.402,0.418,0.412,0.2574
0.418,0.419,0.406,0.403,0.396,0.1521
0.41,0.421,0.417,0.423,0.417,0.124
0.427,0.44,0.431,0.436,0.429,0.0923
0.43,0.449,0.433,0.457,0.45,0.0896
0.452,0.448,0.445,0.448,0.44,0.0201
0.442,0.458,0.451,0.464,0.456,0.0389
0.452,0.446,0.447,0.453,0.446,0.0726
0.456,0.461,0.459,0.465,0.458,0.0745
0.452,0.459,0.452,0.453,0.446,0.0378
0.449,0.451,0.446,0.445,0.438,0.0428
0.431,0.431,0.428,0.44,0.433,0.0331
0.429,0.426,0.428,0.432,0.425,0.0487
0.424,0.437,0.43,0.444,0.437,0.0625
0.452,0.446,0.441,0.452,0.444,0.0406
0.453,0.476,0.461,0.483,0.475,0.0533
0.472,0.467,0.467,0.477,0.469,0.0757
0.48,0.481,0.481,0.479,0.471,0.0295
0.479,0.487,0.488,0.495,0.487,0.0547
0.494,0.492,0.491,0.502,0.493,0.0
0.493,0.489,0.49,0.493,0.485,0.0412
0.49,0.49,0.491,0.497,0.488,0.046
0.493,0.495,0.49,0.494,0.486,0.0258
0.487,0.485,0.477,0.485,0.476,0.0591
0.477,0.471,0.462,0.471,0.463,0.0933
0.469,0.465,0.45,0.448,0.44,0.134
0.452,0.446,0.446,0.447,0.44,0.0333
0.44,0.444,0.432,0.452,0.445,0.064
0.443,0.452,0.452,0.458,0.45,0.0434
0.47,0.466,0.463,0.465,0.458,0.0165
0.456,0.473,0.459,0.483,0.475,0.1079
0.457,0.478,0.453,0.488,0.48,0.2603
0.481,0.476,0.466,0.472,0.464,0.0844
0.473,0.49,0.483,0.49,0.481,0.0883
0.494,0.494,0.497,0.504,0.495,0.0826
0.497,0.503,0.502,0.503,0.494,0.0333
0.502,0.516,0.509,0.517,0.508,0.0742
0.515,0.517,0.514,0.523,0.514,0.0699
0.516,0.515,0.518,0.523,0.514,0.0872
0.522,0.526,0.526,0.532,0.523,0.0305
0.519,0.52,0.523,0.528,0.519,0.0108
0.512,0.514,0.517,0.525,0.516,0.0858
0.528,0.524,0.528,0.535,0.525,0.0204
0.532,0.535,0.54,0.543,0.533,0.0435
0.55,0.546,0.545,0.551,0.542,0.0456
0.541,0.536,0.535,0.539,0.529,0.0675
0.539,0.54,0.539,0.536,0.526,0.0465
0.535,0.533,0.529,0.53,0.52,0.1574
0.528,0.527,0.529,0.528,0.518,0.0515
0.526,0.537,0.535,0.547,0.537,0.1307
0.536,0.541,0.536,0.535,0.525,0.0476
0.533,0.53,0.536,0.539,0.529,0.0504
0.532,0.543,0.538,0.553,0.543,0.0513
0.56,0.569,0.564,0.569,0.559,0.1421
0.566,0.576,0.569,0.586,0.575,0.1588
0.584,0.594,0.587,0.584,0.574,0.1019
0.582,0.605,0.59,0.615,0.604,0.0837
0.614,0.617,0.6,0.599,0.588,0.2288
0.59,0.605,0.592,0.617,0.605,0.0888
0.621,0.618,0.604,0.603,0.592,0.0756
0.603,0.602,0.603,0.602,0.591,0.1323
0.601,0.628,0.608,0.637,0.625,0.0763
0.633,0.633,0.625,0.63,0.618,0.1072
0.619,0.623,0.616,0.612,0.601,0.0488
0.62,0.647,0.63,0.631,0.619,0.1648
0.619,0.64,0.626,0.651,0.639,0.1046
0.597,0.592,0.565,0.562,0.552,0.186
0.554,0.548,0.527,0.525,0.516,0.1941
0.516,0.526,0.514,0.531,0.522,0.2944
0.52,0.532,0.513,0.534,0.525,0.1232
0.531,0.532,0.493,0.49,0.482,0.124
0.496,0.506,0.478,0.512,0.503,0.1042
0.516,0.539,0.519,0.54,0.53,0.075
0.531,0.533,0.531,0.539,0.529,0.038
0.531,0.543,0.529,0.55,0.54,0.0738
0.547,0.541,0.534,0.538,0.528,0.0788
0.524,0.526,0.526,0.531,0.522,0.0517
0.515,0.512,0.509,0.515,0.506,0.0625
0.507,0.502,0.493,0.491,0.482,0.0964
0.488,0.487,0.485,0.492,0.484,0.0868
0.5,0.504,0.499,0.513,0.504,0.0857
0.519,0.525,0.524,0.523,0.513,0.096
0.513,0.508,0.507,0.503,0.495,0.0445
0.498,0.497,0.489,0.486,0.477,0.0495
0.481,0.486,0.48,0.492,0.484,0.0863
0.474,0.493,0.483,0.501,0.493,0.0576
0.49,0.484,0.48,0.486,0.477,0.1106
0.479,0.48,0.481,0.488,0.48,0.0714
0.476,0.471,0.466,0.464,0.456,0.1635
0.462,0.461,0.462,0.465,0.457,0.1594
0.469,0.467,0.47,0.475,0.468,0.1285
0.475,0.485,0.48,0.489,0.481,0.043
0.485,0.496,0.495,0.493,0.485,0.1107
0.492,0.496,0.491,0.503,0.494,0.0933
0.503,0.512,0.509,0.52,0.511,0.0839
0.508,0.503,0.495,0.496,0.487,0.1338
0.484,0.483,0.485,0.492,0.483,0.0798
0.485,0.479,0.481,0.484,0.475,0.0619
0.483,0.489,0.493,0.491,0.482,0.0552
0.484,0.501,0.485,0.482,0.474,0.1516
0.482,0.485,0.474,0.471,0.463,0.0808
0.495,0.498,0.494,0.493,0.485,0.1507
0.49,0.491,0.485,0.483,0.475,0.1777
0.478,0.485,0.482,0.481,0.473,0.1455
0.482,0.503,0.491,0.506,0.497,0.0923
0.518,0.521,0.508,0.505,0.497,0.1517
0.505,0.504,0.503,0.504,0.495,0.1459
0.481,0.504,0.485,0.51,0.501,0.2903
0.516,0.524,0.523,0.53,0.52,0.2312
0.523,0.525,0.508,0.505,0.496,0.1016
0.511,0.514,0.507,0.505,0.497,0.2324
0.505,0.503,0.495,0.496,0.487,0.1816
0.487,0.492,0.491,0.499,0.49,0.0896
0.498,0.501,0.499,0.497,0.488,0.1014
0.499,0.496,0.488,0.486,0.478,0.1458
0.487,0.484,0.491,0.49,0.482,0.1628
0.492,0.497,0.492,0.507,0.498,0.1297
0.501,0.497,0.498,0.5,0.491,0.0875
0.495,0.491,0.499,0.5,0.491,0.1593
0.503,0.499,0.486,0.503,0.494,0.1212
0.492,0.493,0.481,0.482,0.474,0.0676
0.485,0.479,0.46,0.468,0.46,0.1445
0.457,0.451,0.442,0.445,0.438,0.1013
0.45,0.451,0.452,0.456,0.449,0.0545
0.454,0.456,0.46,0.459,0.452,0.112
0.465,0.469,0.464,0.468,0.46,0.059
0.458,0.461,0.463,0.47,0.462,0.0493
0.475,0.48,0.479,0.483,0.475,0.0746
0.483,0.485,0.485,0.486,0.478,0.0654
0.477,0.475,0.48,0.477,0.469,0.1129
0.47,0.47,0.479,0.479,0.471,0.13
0.471,0.466,0.456,0.454,0.446,0.2802
0.458,0.456,0.458,0.461,0.453,0.1545
0.463,0.473,0.47,0.477,0.469,0.3386
0.484,0.509,0.494,0.516,0.507,0.1969
0.51,0.519,0.517,0.521,0.512,0.268
0.507,0.506,0.504,0.515,0.506,0.1698
0.506,0.5,0.505,0.503,0.495,0.0764
0.497,0.502,0.498,0.495,0.487,0.0746
0.486,0.49,0.492,0.5,0.492,0.0984
0.488,0.485,0.487,0.485,0.477,0.1321
0.48,0.475,0.472,0.471,0.463,0.1532
0.456,0.454,0.45,0.465,0.458,0.0933
0.458,0.466,0.467,0.47,0.462,0.0605
0.475,0.473,0.471,0.482,0.474,0.0784
0.479,0.481,0.477,0.481,0.473,0.1988
0.49,0.579,0.498,0.588,0.577,0.4825
0.579,0.595,0.559,0.604,0.592,0.3632
0.584,0.589,0.585,0.595,0.591,0.1695
0.554,0.556,0.553,0.556,0.553,0.1733
0.556,0.556,0.556,0.562,0.559,0.0701
0.56,0.575,0.565,0.585,0.581,0.0335
0.577,0.574,0.573,0.58,0.576,0.0371
0.563,0.559,0.548,0.557,0.554,0.0764
0.555,0.559,0.561,0.568,0.565,0.0232
0.562,0.574,0.57,0.581,0.577,0.0911
0.558,0.557,0.549,0.551,0.548,0.1296
0.548,0.547,0.543,0.542,0.539,0.0678
0.535,0.537,0.538,0.547,0.544,0.0737
0.534,0.574,0.541,0.573,0.569,0.1299
0.554,0.558,0.55,0.566,0.562,0.0381
0.57,0.578,0.567,0.588,0.584,0.0824
0.581,0.581,0.583,0.588,0.584,0.0696
0.591,0.6,0.6,0.608,0.604,0.0446
0.592,0.592,0.584,0.594,0.59,0.0635
0.587,0.588,0.588,0.593,0.589,0.0437
0.592,0.598,0.591,0.588,0.584,0.0732
0.581,0.585,0.576,0.594,0.59,0.0701
0.589,0.594,0.584,0.586,0.582,0.0842
0.567,0.569,0.568,0.571,0.568,0.0495
0.565,0.578,0.575,0.579,0.576,0.0426
0.587,0.589,0.588,0.599,0.595,0.034
0.594,0.594,0.597,0.601,0.597,0.0614
0.6,0.605,0.606,0.616,0.611,0.0201
0.613,0.623,0.617,0.633,0.629,0.1063
0.622,0.633,0.63,0.644,0.639,0.1387
0.643,0.664,0.65,0.666,0.66,0.1066
0.656,0.653,0.657,0.656,0.651,0.0223
0.644,0.654,0.646,0.658,0.653,0.0445
0.652,0.655,0.649,0.661,0.656,0.0397
0.654,0.653,0.657,0.662,0.657,0.0189
0.65,0.649,0.656,0.652,0.647,0.0449
0.646,0.663,0.654,0.668,0.663,0.0963
0.656,0.65,0.636,0.637,0.633,0.091
0.637,0.636,0.629,0.633,0.629,0.0569
0.63,0.631,0.626,0.642,0.638,0.0898
0.635,0.641,0.642,0.64,0.635,0.0596
0.641,0.638,0.644,0.645,0.64,0.0514
0.627,0.631,0.594,0.6,0.596,0.2038
0.567,0.574,0.566,0.564,0.561,0.5904
0.567,0.566,0.572,0.568,0.565,0.3229
0.557,0.564,0.559,0.575,0.572,0.1705
0.567,0.567,0.574,0.573,0.569,0.0954
0.563,0.562,0.561,0.562,0.559,0.097
0.563,0.566,0.56,0.57,0.567,0.1247
0.567,0.571,0.575,0.581,0.577,0.0858
0.57,0.567,0.573,0.576,0.572,0.0117
0.539,0.544,0.531,0.546,0.544,0.3137
0.53,0.531,0.528,0.525,0.523,0.1591
0.529,0.524,0.523,0.521,0.519,0.1251
0.512,0.509,0.509,0.511,0.509,0.1525
0.513,0.509,0.512,0.515,0.513,0.1108
0.509,0.513,0.518,0.521,0.519,0.0167
0.526,0.529,0.531,0.531,0.528,0.046
0.528,0.534,0.537,0.534,0.531,0.0711
0.528,0.526,0.533,0.534,0.531,0.0455
0.517,0.518,0.514,0.511,0.509,0.0863
0.513,0.512,0.516,0.523,0.521,0.0366
0.52,0.53,0.528,0.54,0.537,0.0504
0.536,0.532,0.532,0.536,0.533,0.0093
0.523,0.529,0.531,0.54,0.537,0.0753
0.522,0.521,0.527,0.531,0.529,0.0665
0.521,0.529,0.527,0.538,0.535,0.0565
0.512,0.509,0.509,0.517,0.514,0.0941
0.502,0.498,0.501,0.501,0.499,0.0819
0.497,0.494,0.501,0.499,0.498,0.1054
0.496,0.494,0.5,0.498,0.496,0.0803
0.486,0.486,0.481,0.481,0.479,0.1226
0.452,0.452,0.448,0.458,0.457,0.1226
0.465,0.459,0.462,0.463,0.462,0.112
0.466,0.468,0.471,0.476,0.475,0.0337
0.474,0.474,0.48,0.483,0.482,0.0551
0.452,0.45,0.454,0.451,0.45,0.06
0.445,0.44,0.437,0.436,0.435,0.1196
0.429,0.435,0.43,0.443,0.443,0.2954
0.446,0.453,0.453,0.456,0.455,0.1651
0.438,0.443,0.438,0.441,0.44,0.1769
0.414,0.412,0.405,0.412,0.411,0.2473
0.419,0.417,0.419,0.424,0.423,0.1742
0.422,0.433,0.429,0.429,0.429,0.1757
0.425,0.434,0.434,0.437,0.436,0.0716
0.442,0.444,0.433,0.446,0.445,0.1793
0.452,0.451,0.44,0.44,0.439,0.1551
0.435,0.429,0.43,0.437,0.437,0.1211
0.433,0.432,0.419,0.418,0.418,0.1332
0.389,0.392,0.392,0.395,0.395,0.2085
0.391,0.387,0.376,0.375,0.376,0.1189
0.367,0.372,0.373,0.379,0.38,0.0954
0.368,0.369,0.368,0.366,0.367,0.1334
0.374,0.373,0.353,0.349,0.35,0.2798
0.347,0.358,0.339,0.345,0.346,0.2579
0.372,0.379,0.377,0.387,0.388,0.2134
0.386,0.395,0.388,0.393,0.393,0.1039
0.393,0.397,0.402,0.403,0.403,0.0795
0.387,0.382,0.365,0.37,0.371,0.1474
0.361,0.36,0.362,0.36,0.361,0.0882
0.37,0.37,0.363,0.363,0.363,0.1225
0.375,0.38,0.378,0.379,0.38,0.0643
0.366,0.408,0.367,0.415,0.415,0.2858
0.406,0.402,0.393,0.391,0.391,0.1514
0.388,0.409,0.388,0.416,0.415,0.1452
0.395,0.404,0.397,0.406,0.406,0.0502
0.382,0.38,0.365,0.367,0.368,0.1537
0.369,0.367,0.362,0.366,0.367,0.0822
0.364,0.378,0.373,0.38,0.38,0.1988
0.376,0.371,0.375,0.382,0.382,0.2333
0.395,0.409,0.4,0.41,0.41,0.2803
0.406,0.407,0.398,0.403,0.403,0.074
0.39,0.402,0.398,0.405,0.405,0.0549
0.413,0.416,0.415,0.423,0.423,0.0676
0.417,0.418,0.421,0.421,0.421,0.0729
0.408,0.416,0.411,0.42,0.42,0.1077
0.406,0.401,0.38,0.389,0.39,0.1379
0.394,0.411,0.402,0.421,0.421,0.1764
0.434,0.439,0.432,0.438,0.438,0.1437
0.432,0.449,0.44,0.459,0.458,0.0792
0.452,0.461,0.452,0.462,0.461,0.0762
0.457,0.464,0.463,0.471,0.47,0.1161
0.459,0.464,0.458,0.455,0.454,0.1321
0.468,0.472,0.468,0.474,0.472,0.0765
0.466,0.467,0.469,0.475,0.473,0.0299
0.48,0.479,0.484,0.485,0.483,0.0898
0.482,0.486,0.488,0.486,0.485,0.1062
0.494,0.513,0.502,0.521,0.518,0.1308
0.53,0.542,0.535,0.544,0.541,0.1568
0.537,0.539,0.542,0.54,0.537,0.1208
0.535,0.529,0.525,0.524,0.521,0.1281
0.509,0.509,0.51,0.513,0.51,0.1484
0.505,0.536,0.509,0.545,0.543,0.2511
0.524,0.526,0.525,0.527,0.525,0.1343
0.49,0.484,0.449,0.461,0.46,0.3031
0.474,0.472,0.462,0.465,0.464,0.1484
0.489,0.504,0.496,0.505,0.503,0.237
0.504,0.523,0.513,0.531,0.529,0.2063
0.511,0.521,0.514,0.527,0.525,0.1236
0.531,0.54,0.534,0.534,0.532,0.1293
0.547,0.55,0.556,0.555,0.552,0.1934
0.55,0.561,0.554,0.561,0.558,0.2277
0.565,0.568,0.558,0.557,0.554,0.129
0.543,0.538,0.529,0.527,0.524,0.12
0.518,0.524,0.521,0.524,0.522,0.0272
0.529,0.542,0.539,0.547,0.544,0.094
0.526,0.541,0.535,0.55,0.548,0.1269
0.546,0.561,0.551,0.562,0.559,0.0687
0.561,0.558,0.551,0.567,0.564,0.0764
0.551,0.559,0.561,0.568,0.565,0.0467
0.543,0.543,0.546,0.545,0.542,0.0594
0.546,0.561,0.555,0.567,0.564,0.0756
0.555,0.554,0.556,0.561,0.557,0.077
0.546,0.562,0.553,0.57,0.567,0.1363
0.563,0.559,0.555,0.559,0.556,0.1572
0.55,0.547,0.551,0.556,0.553,0.0439
0.543,0.548,0.551,0.555,0.552,0.0344
0.54,0.534,0.536,0.533,0.53,0.0837
0.534,0.539,0.543,0.551,0.548,0.0785
0.542,0.55,0.544,0.55,0.547,0.091
0.544,0.549,0.553,0.558,0.555,0.0658
0.551,0.554,0.556,0.564,0.561,0.0891
0.549,0.551,0.543,0.546,0.543,0.1452
0.537,0.534,0.529,0.526,0.524,0.1239
0.521,0.519,0.515,0.512,0.51,0.309
0.514,0.513,0.513,0.511,0.508,0.1132
0.503,0.498,0.499,0.498,0.496,0.1011
0.485,0.482,0.475,0.477,0.475,0.1363
0.47,0.465,0.455,0.467,0.466,0.2446
0.475,0.494,0.481,0.499,0.497,0.154
0.493,0.502,0.499,0.51,0.507,0.1126
0.503,0.5,0.499,0.51,0.507,0.075
0.51,0.51,0.513,0.52,0.517,0.046
0.516,0.518,0.519,0.525,0.522,0.0312
0.517,0.52,0.526,0.529,0.527,0.1317
0.522,0.524,0.526,0.525,0.523,0.0409
0.529,0.537,0.529,0.529,0.526,0.0673
0.537,0.537,0.544,0.547,0.544,0.1111
0.538,0.532,0.534,0.539,0.537,0.1036
0.519,0.52,0.526,0.525,0.522,0.1066
0.513,0.515,0.513,0.524,0.521,0.1224
0.506,0.504,0.501,0.5,0.498,0.1765
0.507,0.509,0.514,0.517,0.515,0.1376
0.512,0.517,0.518,0.523,0.52,0.0524
0.513,0.519,0.519,0.525,0.522,0.0832
0.523,0.541,0.532,0.545,0.543,0.0774
0.525,0.526,0.528,0.532,0.529,0.0618
0.515,0.516,0.514,0.526,0.523,0.0489
0.519,0.531,0.527,0.536,0.533,0.1602
0.523,0.523,0.52,0.527,0.525,0.119
0.517,0.517,0.52,0.527,0.525,0.0829
0.531,0.544,0.54,0.552,0.549,0.0882
0.545,0.552,0.546,0.56,0.557,0.2152
0.559,0.554,0.558,0.557,0.554,0.0687
0.555,0.563,0.565,0.572,0.569,0.0843
0.575,0.592,0.585,0.601,0.597,0.2017
0.604,0.615,0.612,0.623,0.618,0.1366
0.632,0.648,0.641,0.655,0.65,0.1557
0.642,0.644,0.65,0.655,0.65,0.0804
0.659,0.67,0.67,0.675,0.669,0.1027
0.678,0.687,0.686,0.694,0.689,0.0834
0.69,0.686,0.684,0.681,0.676,0.1071
0.693,0.699,0.701,0.7,0.694,0.1213
0.689,0.693,0.698,0.698,0.692,0.0552
0.68,0.679,0.682,0.679,0.673,0.0746
0.68,0.68,0.678,0.677,0.672,0.125
0.693,0.703,0.704,0.713,0.706,0.0864
0.697,0.692,0.694,0.703,0.697,0.0784
0.693,0.692,0.699,0.696,0.69,0.0494
0.699,0.713,0.707,0.725,0.718,0.1421
0.721,0.717,0.708,0.717,0.711,0.0632
0.708,0.715,0.715,0.721,0.714,0.0948
0.717,0.715,0.72,0.717,0.711,0.0615
0.704,0.699,0.702,0.702,0.696,0.0963
0.705,0.703,0.707,0.704,0.698,0.0423
0.686,0.692,0.694,0.704,0.698,0.0609
0.685,0.694,0.692,0.701,0.695,0.0951
0.676,0.676,0.677,0.688,0.682,0.1704
0.684,0.684,0.685,0.687,0.681,0.0477
0.686,0.682,0.693,0.693,0.687,0.0525
0.69,0.692,0.697,0.702,0.696,0.0521
0.701,0.709,0.711,0.719,0.712,0.028
0.718,0.715,0.713,0.719,0.712,0.1004
0.708,0.714,0.716,0.725,0.719,0.0724
0.693,0.706,0.693,0.715,0.708,0.0838
0.695,0.696,0.693,0.703,0.697,0.0981
0.702,0.717,0.71,0.726,0.72,0.122
0.705,0.705,0.699,0.711,0.705,0.1648
0.708,0.712,0.715,0.716,0.709,0.0668
0.708,0.708,0.705,0.707,0.701,0.0552
0.707,0.709,0.711,0.709,0.703,0.1134
0.709,0.734,0.714,0.729,0.722,0.0898
0.741,0.763,0.748,0.768,0.761,0.0956
0.765,0.773,0.771,0.776,0.768,0.1114
0.746,0.748,0.746,0.757,0.75,0.0575
0.74,0.74,0.743,0.743,0.737,0.1178
0.73,0.724,0.719,0.72,0.714,0.1075
0.706,0.716,0.708,0.725,0.718,0.0691
0.721,0.734,0.729,0.74,0.734,0.0572
0.712,0.71,0.709,0.719,0.713,0.051
0.723,0.729,0.72,0.728,0.722,0.0542
0.717,0.717,0.714,0.712,0.706,0.0751
0.719,0.733,0.729,0.739,0.732,0.1227
0.739,0.743,0.737,0.738,0.731,0.185
0.777,0.823,0.786,0.827,0.818,0.4042
0.805,0.803,0.797,0.815,0.807,0.154
0.808,0.807,0.813,0.812,0.803,0.0951
0.766,0.764,0.769,0.769,0.762,0.173
0.781,0.807,0.793,0.812,0.804,0.117
0.805,0.819,0.817,0.829,0.82,0.1422
0.815,0.813,0.813,0.819,0.811,0.0854
0.823,0.825,0.829,0.828,0.819,0.0545
0.808,0.818,0.817,0.83,0.822,0.0547
0.834,0.858,0.846,0.854,0.845,0.105
0.854,0.857,0.84,0.87,0.86,0.19
0.868,0.877,0.869,0.88,0.87,0.1098
0.859,0.865,0.857,0.876,0.866,0.1275
0.875,0.882,0.876,0.889,0.879,0.0586
0.884,0.887,0.886,0.887,0.878,0.1333
0.882,0.897,0.885,0.907,0.897,0.1376
0.893,0.888,0.882,0.883,0.873,0.1473
0.882,0.877,0.872,0.872,0.863,0.0582
0.861,0.876,0.872,0.883,0.873,0.0467
0.872,0.873,0.87,0.867,0.858,0.0657
0.868,0.87,0.866,0.864,0.855,0.0858
0.853,0.852,0.853,0.862,0.861,0.0889
0.865,0.876,0.877,0.889,0.887,0.0647
0.869,0.864,0.854,0.864,0.863,0.0868
0.858,0.87,0.868,0.873,0.872,0.0634
0.871,0.866,0.869,0.873,0.872,0.0827
0.875,0.873,0.878,0.877,0.875,0.1465
0.869,0.878,0.882,0.889,0.888,0.054
0.886,0.893,0.89,0.905,0.904,0.1153
0.908,0.908,0.905,0.917,0.915,0.089
0.912,0.915,0.91,0.922,0.919,0.0549
0.909,0.914,0.919,0.922,0.92,0.005
0.915,0.914,0.9,0.902,0.9,0.1014
0.867,0.865,0.861,0.856,0.855,0.1484
0.842,0.837,0.834,0.834,0.833,0.1603
0.84,0.859,0.847,0.864,0.862,0.1627
0.858,0.87,0.866,0.88,0.879,0.0795
0.865,0.861,0.855,0.853,0.852,0.0645
0.852,0.856,0.856,0.853,0.852,0.0695
0.848,0.844,0.848,0.844,0.843,0.0541
0.839,0.84,0.844,0.853,0.852,0.0435
0.848,0.858,0.855,0.868,0.866,0.0711
0.839,0.835,0.806,0.82,0.82,0.1773
0.784,0.784,0.742,0.745,0.746,0.314
0.727,0.729,0.708,0.717,0.718,0.3871
0.719,0.736,0.729,0.737,0.738,0.1576
0.737,0.737,0.734,0.731,0.732,0.1081
0.73,0.725,0.719,0.715,0.716,0.16
0.709,0.705,0.709,0.713,0.714,0.0918
0.705,0.701,0.7,0.699,0.701,0.126
0.699,0.707,0.709,0.713,0.717,0.2015
0.701,0.716,0.705,0.708,0.712,0.0865
0.688,0.694,0.699,0.698,0.702,0.0975
0.657,0.655,0.643,0.642,0.647,0.1916
0.65,0.665,0.661,0.672,0.677,0.0947
0.651,0.664,0.655,0.661,0.666,0.2016
0.686,0.694,0.685,0.682,0.687,0.2525
0.694,0.696,0.69,0.686,0.69,0.1313
0.673,0.68,0.679,0.687,0.692,0.0443
0.657,0.655,0.656,0.663,0.668,0.1273
0.654,0.649,0.639,0.638,0.643,0.117
0.633,0.637,0.641,0.646,0.651,0.0687
0.643,0.647,0.645,0.656,0.66,0.121
0.647,0.647,0.639,0.635,0.64,0.0679
0.639,0.636,0.64,0.642,0.646,0.1
0.643,0.637,0.645,0.641,0.646,0.1417
0.617,0.612,0.593,0.59,0.596,0.2639
0.602,0.616,0.599,0.6,0.605,0.4313
0.631,0.627,0.612,0.611,0.616,0.4124
0.609,0.619,0.619,0.624,0.629,0.2384
0.613,0.608,0.607,0.61,0.616,0.0994
0.6,0.603,0.605,0.61,0.616,0.0692
0.615,0.618,0.622,0.621,0.626,0.12
0.6,0.596,0.589,0.586,0.591,0.1181
0.604,0.598,0.594,0.59,0.595,0.2979
0.592,0.591,0.563,0.567,0.573,0.4338
0.567,0.581,0.577,0.577,0.582,0.2984
0.571,0.584,0.577,0.577,0.583,0.1606
0.575,0.57,0.567,0.569,0.575,0.1068
0.573,0.577,0.577,0.585,0.591,0.2587
0.595,0.591,0.585,0.584,0.59,0.2485
0.586,0.588,0.586,0.585,0.591,0.1272
0.568,0.569,0.569,0.571,0.577,0.1063
0.554,0.565,0.558,0.571,0.577,0.064
0.554,0.558,0.553,0.559,0.565,0.0872
0.548,0.555,0.552,0.554,0.56,0.1089
0.669,0.675,0.673,0.677,0.682,0.6009
0.732,0.745,0.724,0.756,0.759,0.4445
0.74,0.747,0.727,0.724,0.727,0.3316
0.706,0.702,0.698,0.713,0.717,0.4654
0.738,0.75,0.739,0.752,0.755,0.2656
0.763,0.758,0.725,0.732,0.736,0.2306
0.714,0.714,0.699,0.702,0.706,0.1682
0.705,0.702,0.696,0.711,0.715,0.1182
0.688,0.688,0.688,0.687,0.691,0.1426
0.687,0.705,0.691,0.716,0.72,0.1458
0.665,0.663,0.645,0.655,0.66,0.2615
0.641,0.659,0.65,0.67,0.675,0.1869
0.659,0.661,0.668,0.673,0.678,0.2232
0.689,0.693,0.697,0.695,0.699,0.097
0.677,0.674,0.673,0.686,0.69,0.1384
0.683,0.684,0.676,0.676,0.68,0.066
0.664,0.662,0.663,0.67,0.675,0.0473
0.674,0.695,0.674,0.701,0.705,0.1342
0.692,0.702,0.693,0.709,0.713,0.1324
0.707,0.72,0.719,0.718,0.722,0.1159
0.715,0.716,0.704,0.702,0.706,0.0796
0.701,0.734,0.708,0.742,0.745,0.085
0.743,0.749,0.747,0.746,0.749,0.1217
0.742,0.749,0.752,0.761,0.764,0.1508
0.753,0.763,0.761,0.775,0.778,0.1758
0.762,0.774,0.766,0.78,0.783,0.1857
0.782,0.785,0.783,0.779,0.782,0.1091
0.774,0.789,0.786,0.796,0.799,0.1212
0.789,0.797,0.794,0.809,0.811,0.1198
0.791,0.796,0.799,0.805,0.808,0.1838
0.813,0.81,0.807,0.817,0.82,0.1224
0.81,0.811,0.809,0.819,0.822,0.0817
0.814,0.814,0.806,0.802,0.805,0.1731
0.804,0.82,0.804,0.831,0.833,0.0728
0.841,0.841,0.837,0.835,0.837,0.0583
0.824,0.826,0.826,0.823,0.826,0.0772
0.819,0.826,0.828,0.824,0.827,0.021
0.819,0.822,0.821,0.817,0.82,0.0666
0.803,0.813,0.809,0.815,0.818,0.0608
0.808,0.821,0.819,0.831,0.833,0.0987
0.828,0.828,0.826,0.827,0.83,0.0549
0.816,0.813,0.815,0.813,0.815,0.0711
0.808,0.806,0.811,0.813,0.816,0.09
0.802,0.818,0.814,0.822,0.825,0.0688
0.818,0.816,0.819,0.82,0.823,0.1372
0.808,0.813,0.817,0.818,0.821,0.0421
0.821,0.827,0.832,0.838,0.84,0.134
0.824,0.835,0.836,0.847,0.849,0.0576
0.839,0.853,0.845,0.864,0.866,0.0661
0.835,0.83,0.816,0.822,0.824,0.0585
0.816,0.816,0.818,0.827,0.83,0.0746
0.805,0.811,0.813,0.818,0.821,0.0535
0.818,0.831,0.83,0.838,0.84,0.1069
0.827,0.829,0.828,0.839,0.841,0.0802
0.831,0.826,0.822,0.838,0.84,0.0888
0.828,0.827,0.832,0.836,0.838,0.0604
0.837,0.847,0.845,0.853,0.855,0.1192
0.846,0.846,0.847,0.859,0.861,0.0864
0.866,0.865,0.867,0.865,0.867,0.0628
0.864,0.866,0.869,0.865,0.867,0.087
0.851,0.852,0.847,0.86,0.862,0.0786
0.869,0.879,0.88,0.889,0.89,0.1595
0.897,0.902,0.9,0.899,0.9,0.1031
0.887,0.887,0.887,0.883,0.885,0.0681
0.892,0.888,0.892,0.89,0.891,0.0618
0.882,0.879,0.875,0.873,0.875,0.0642
0.858,0.863,0.866,0.874,0.875,0.0107
0.846,0.857,0.857,0.861,0.863,0.0342
0.863,0.859,0.858,0.857,0.859,0.0373
0.859,0.859,0.853,0.852,0.854,0.0628
0.842,0.851,0.852,0.863,0.865,0.0147
0.868,0.871,0.866,0.872,0.873,0.0767
0.844,0.843,0.832,0.829,0.831,0.1155
0.795,0.798,0.791,0.8,0.803,0.2012
0.803,0.802,0.8,0.795,0.798,0.0884
0.788,0.806,0.8,0.811,0.814,0.1415
0.822,0.829,0.832,0.842,0.844,0.1118
0.839,0.836,0.83,0.826,0.828,0.0877
0.84,0.845,0.845,0.85,0.852,0.1397
0.842,0.847,0.847,0.849,0.851,0.066
0.844,0.845,0.837,0.84,0.842,0.061
0.841,0.836,0.823,0.819,0.822,0.1392
0.813,0.812,0.816,0.822,0.824,0.0809
0.794,0.789,0.755,0.754,0.757,0.2383
0.76,0.764,0.751,0.749,0.752,0.1936
0.747,0.746,0.747,0.745,0.748,0.1171
0.753,0.764,0.756,0.757,0.761,0.1214
0.727,0.723,0.728,0.728,0.731,0.0732
0.724,0.725,0.717,0.726,0.73,0.1336
0.733,0.728,0.726,0.729,0.733,0.1949
0.712,0.71,0.71,0.716,0.719,0.1173
0.702,0.704,0.703,0.708,0.712,0.2048
0.699,0.706,0.707,0.715,0.719,0.1415
0.732,0.75,0.744,0.75,0.754,0.1443
0.764,0.759,0.748,0.751,0.754,0.1431
0.754,0.755,0.76,0.766,0.77,0.0682
0.75,0.75,0.749,0.745,0.749,0.0595
0.736,0.745,0.747,0.748,0.751,0.0269
0.756,0.773,0.762,0.765,0.769,0.0834
0.769,0.768,0.769,0.772,0.775,0.0345
0.761,0.766,0.761,0.77,0.773,0.0865
0.743,0.739,0.742,0.745,0.748,0.0687
0.724,0.736,0.726,0.745,0.749,0.1017
0.744,0.74,0.736,0.737,0.741,0.0886
0.72,0.726,0.72,0.725,0.729,0.128
0.714,0.716,0.71,0.714,0.718,0.0841
0.678,0.689,0.683,0.69,0.694,0.1539
0.7,0.699,0.672,0.668,0.672,0.163
0.671,0.682,0.664,0.66,0.665,0.2246
0.655,0.659,0.649,0.649,0.654,0.3507
0.618,0.641,0.612,0.646,0.65,0.2749
0.611,0.63,0.621,0.64,0.645,0.1987
0.632,0.646,0.609,0.617,0.622,0.2999
0.593,0.594,0.594,0.598,0.603,0.298
0.585,0.584,0.56,0.56,0.566,0.3226
0.534,0.551,0.533,0.557,0.563,0.4822
0.498,0.51,0.474,0.501,0.508,0.3278
0.523,0.531,0.499,0.539,0.545,0.3002
0.511,0.515,0.478,0.48,0.487,0.2332
0.383,0.397,0.358,0.387,0.396,0.3682
0.493,0.519,0.432,0.462,0.469,0.3465
0.338,0.394,0.343,0.346,0.355,0.3532
0.351,0.433,0.359,0.438,0.446,0.4398
0.286,0.305,0.231,0.297,0.307,0.5801
0.254,0.256,0.143,0.173,0.184,1.0
0.186,0.193,0.156,0.158,0.17,0.7092
0.075,0.078,0.0,0.009,0.023,0.9702
0.073,0.136,0.048,0.087,0.099,0.9572
0.132,0.194,0.129,0.189,0.2,0.4466
0.224,0.296,0.231,0.297,0.307,0.5791
0.246,0.273,0.194,0.248,0.259,0.5067
0.21,0.226,0.182,0.234,0.245,0.3439
0.239,0.243,0.218,0.227,0.237,0.2785
0.174,0.183,0.156,0.165,0.177,0.2517
0.162,0.195,0.161,0.204,0.215,0.2827
0.185,0.181,0.112,0.128,0.14,0.2995
0.176,0.218,0.176,0.188,0.199,0.4366
0.245,0.242,0.187,0.19,0.201,0.3296
0.216,0.235,0.199,0.236,0.247,0.2322
0.252,0.298,0.257,0.285,0.295,0.2188
0.262,0.265,0.218,0.257,0.267,0.1715
0.294,0.294,0.267,0.292,0.301,0.1441
0.222,0.234,0.221,0.23,0.24,0.1674
0.244,0.243,0.191,0.207,0.218,0.2979
0.283,0.29,0.236,0.265,0.275,0.4912
0.282,0.315,0.283,0.302,0.311,0.2578
0.253,0.264,0.229,0.24,0.25,0.242
0.285,0.283,0.268,0.286,0.296,0.2247
0.287,0.303,0.286,0.289,0.298,0.1921
0.28,0.276,0.261,0.265,0.275,0.1429
0.275,0.275,0.27,0.281,0.291,0.1898
0.307,0.316,0.29,0.288,0.297,0.1862
0.355,0.381,0.356,0.392,0.4,0.3057
0.385,0.379,0.338,0.352,0.36,0.1777
0.319,0.315,0.305,0.32,0.329,0.1063
0.275,0.28,0.265,0.284,0.294,0.1719
0.278,0.298,0.285,0.285,0.295,0.0947
0.302,0.299,0.287,0.285,0.295,0.0873
0.281,0.297,0.274,0.274,0.284,0.1874
0.298,0.298,0.276,0.281,0.291,0.2455
0.266,0.261,0.23,0.228,0.239,0.4253
0.251,0.3,0.229,0.276,0.286,0.7259
0.278,0.272,0.216,0.214,0.225,0.6505
0.195,0.215,0.18,0.204,0.215,0.7147
0.188,0.187,0.174,0.175,0.186,0.5581
0.178,0.179,0.178,0.177,0.188,0.6964
0.179,0.175,0.158,0.16,0.172,0.3629
0.179,0.204,0.182,0.209,0.22,0.2292
0.2,0.206,0.197,0.194,0.205,0.23
0.171,0.173,0.173,0.182,0.193,0.1294
0.208,0.208,0.204,0.205,0.215,0.3425
0.256,0.279,0.251,0.287,0.297,0.4907
0.313,0.307,0.296,0.294,0.304,0.5121
0.282,0.307,0.289,0.313,0.322,0.2608
0.324,0.338,0.322,0.33,0.339,0.2006
0.354,0.375,0.359,0.384,0.392,0.3105
0.401,0.412,0.407,0.422,0.429,0.3623
0.407,0.414,0.397,0.404,0.412,0.3271
0.456,0.451,0.439,0.461,0.468,0.3086
0.435,0.434,0.414,0.415,0.423,0.2253
0.38,0.375,0.364,0.365,0.374,0.2752
0.368,0.367,0.359,0.359,0.367,0.1498
0.311,0.311,0.285,0.285,0.294,0.3758
0.33,0.335,0.313,0.326,0.335,0.2206
0.293,0.313,0.289,0.312,0.321,0.1959
0.338,0.344,0.333,0.336,0.345,0.1593
0.334,0.332,0.334,0.336,0.345,0.1188
0.351,0.368,0.356,0.362,0.37,0.1081
0.379,0.385,0.374,0.386,0.394,0.231
0.378,0.386,0.381,0.387,0.395,0.1424
0.402,0.414,0.406,0.405,0.413,0.2147
0.384,0.378,0.363,0.371,0.38,0.1284
0.353,0.407,0.361,0.41,0.418,0.2176
0.398,0.409,0.396,0.396,0.404,0.1711
0.406,0.405,0.403,0.41,0.418,0.1833
0.402,0.399,0.397,0.406,0.414,0.1293
0.419,0.465,0.425,0.469,0.476,0.3532
0.477,0.478,0.465,0.464,0.472,0.1296
0.492,0.496,0.491,0.491,0.498,0.0864
0.49,0.486,0.469,0.468,0.476,0.1349
0.47,0.477,0.47,0.487,0.494,0.169
0.481,0.481,0.474,0.485,0.491,0.1038
0.456,0.47,0.46,0.48,0.487,0.0996
0.453,0.452,0.442,0.445,0.453,0.1839
0.41,0.418,0.413,0.427,0.435,0.1385
0.432,0.444,0.438,0.438,0.446,0.0987
0.427,0.428,0.429,0.431,0.439,0.045
0.455,0.451,0.456,0.452,0.459,0.0885
0.495,0.557,0.499,0.56,0.566,0.388
0.553,0.565,0.562,0.574,0.58,0.1796
0.531,0.537,0.523,0.525,0.531,0.1365
0.518,0.529,0.523,0.525,0.532,0.0828
0.513,0.517,0.514,0.528,0.534,0.2282
0.477,0.487,0.483,0.485,0.491,0.2578
0.466,0.477,0.472,0.483,0.49,0.1529
0.459,0.477,0.468,0.489,0.496,0.2638
0.441,0.454,0.45,0.458,0.466,0.1828
0.435,0.44,0.427,0.439,0.446,0.2586
0.407,0.411,0.408,0.413,0.421,0.2431
0.446,0.44,0.421,0.427,0.435,0.14
0.426,0.428,0.425,0.43,0.438,0.1039
0.429,0.427,0.426,0.427,0.435,0.087
0.426,0.422,0.421,0.433,0.441,0.1069
0.442,0.44,0.422,0.423,0.431,0.1035
0.447,0.454,0.45,0.446,0.453,0.1266
0.458,0.455,0.443,0.449,0.456,0.0842
0.431,0.446,0.431,0.449,0.456,0.0997
0.419,0.435,0.427,0.436,0.444,0.0958
0.419,0.421,0.412,0.416,0.424,0.1135
0.44,0.452,0.446,0.459,0.467,0.1531
0.442,0.451,0.45,0.45,0.457,0.0511
0.434,0.457,0.441,0.463,0.471,0.0679
0.473,0.474,0.475,0.481,0.488,0.0467
0.515,0.514,0.511,0.514,0.521,0.1408
0.516,0.515,0.513,0.524,0.53,0.0648
0.521,0.517,0.511,0.514,0.521,0.07
0.498,0.501,0.501,0.507,0.513,0.154
0.521,0.543,0.529,0.549,0.556,0.0928
0.515,0.517,0.515,0.511,0.518,0.0759
0.535,0.546,0.539,0.554,0.56,0.0942
0.546,0.559,0.55,0.567,0.572,0.0732
0.55,0.552,0.537,0.544,0.55,0.0902
0.539,0.536,0.508,0.524,0.531,0.1072
0.505,0.515,0.508,0.508,0.515,0.1257
0.509,0.517,0.516,0.518,0.524,0.056
0.508,0.512,0.5,0.503,0.51,0.1037
0.498,0.495,0.493,0.504,0.511,0.0667
0.483,0.488,0.487,0.491,0.498,0.0678
0.505,0.506,0.51,0.509,0.515,0.0698
0.51,0.526,0.518,0.533,0.54,0.0766
0.512,0.517,0.516,0.527,0.534,0.0407
0.488,0.492,0.492,0.496,0.503,0.0791
0.472,0.466,0.46,0.473,0.48,0.0989
0.457,0.469,0.463,0.477,0.484,0.0805
0.477,0.476,0.474,0.473,0.48,0.0812
0.44,0.457,0.439,0.461,0.469,0.0629
0.464,0.476,0.462,0.487,0.494,0.0523
0.488,0.492,0.487,0.484,0.491,0.0905
0.485,0.488,0.485,0.495,0.502,0.116
0.505,0.525,0.505,0.521,0.527,0.1419
0.543,0.561,0.551,0.567,0.573,0.0886
0.552,0.566,0.553,0.567,0.573,0.0636
0.573,0.584,0.581,0.586,0.592,0.1109
0.611,0.615,0.609,0.606,0.611,0.0812
0.619,0.622,0.624,0.623,0.628,0.0607
0.64,0.645,0.628,0.646,0.65,0.1418
0.676,0.68,0.681,0.681,0.685,0.091
0.643,0.663,0.654,0.669,0.673,0.0523
0.636,0.657,0.644,0.668,0.672,0.0942
0.671,0.68,0.677,0.685,0.69,0.0587
0.629,0.65,0.637,0.66,0.664,0.0994
0.685,0.681,0.669,0.675,0.679,0.0812
0.687,0.713,0.692,0.711,0.715,0.1956
0.727,0.75,0.737,0.749,0.752,0.2314
0.748,0.761,0.75,0.772,0.775,0.093
0.753,0.769,0.761,0.778,0.781,0.1631
0.761,0.774,0.773,0.786,0.789,0.0869
0.757,0.756,0.764,0.763,0.766,0.1193
0.776,0.771,0.769,0.775,0.778,0.1928
0.741,0.738,0.735,0.741,0.744,0.2964
0.711,0.709,0.709,0.716,0.72,0.1509
0.71,0.705,0.701,0.712,0.716,0.0854
0.718,0.749,0.729,0.753,0.756,0.1674
0.771,0.779,0.772,0.781,0.784,0.1698
0.785,0.807,0.792,0.814,0.816,0.0786
0.806,0.826,0.814,0.837,0.839,0.0849
0.849,0.866,0.841,0.865,0.867,0.1768
0.945,0.969,0.951,0.95,0.951,0.1763
0.939,0.96,0.948,0.964,0.965,0.1364
0.942,0.937,0.932,0.943,0.944,0.1203
0.923,0.935,0.908,0.946,0.947,0.1474
0.948,0.968,0.949,0.98,0.98,0.1385
1.0,1.0,1.0,1.0,1.0,0.0674
0.131,0.147,0.148,0.126,0.126,0.1984
0.15,0.142,0.069,0.038,0.038,0.3754
0.007,0.0,0.023,0.007,0.007,0.2265
0.035,0.03,0.02,0.0,0.0,0.2283
0.033,0.027,0.025,0.006,0.006,0.1195
0.119,0.176,0.156,0.179,0.179,0.3471
0.074,0.104,0.113,0.099,0.099,0.2775
0.155,0.142,0.105,0.077,0.077,0.1835
0.061,0.127,0.087,0.145,0.145,0.2367
0.179,0.218,0.221,0.216,0.216,0.2005
0.152,0.173,0.185,0.187,0.187,0.1513
0.106,0.099,0.097,0.089,0.089,0.2
0.126,0.117,0.085,0.058,0.058,0.381
0.029,0.044,0.071,0.048,0.048,0.31
0.038,0.061,0.075,0.051,0.051,0.1391
0.122,0.115,0.048,0.055,0.055,0.2726
0.0,0.048,0.0,0.056,0.056,0.2317
0.034,0.072,0.052,0.015,0.015,0.3469
0.011,0.054,0.028,0.006,0.006,0.3243
0.049,0.11,0.076,0.133,0.133,0.302
0.124,0.139,0.139,0.154,0.154,0.2429
0.203,0.23,0.228,0.223,0.223,0.3385
0.134,0.201,0.173,0.228,0.228,0.2961
0.073,0.087,0.089,0.107,0.107,0.2888
0.111,0.108,0.116,0.111,0.111,0.0875
0.127,0.15,0.172,0.149,0.149,0.0504
0.191,0.181,0.193,0.177,0.177,0.0
0.204,0.211,0.219,0.238,0.238,0.0992
0.248,0.255,0.282,0.245,0.245,0.0784
0.26,0.31,0.314,0.319,0.319,0.1703
0.324,0.313,0.344,0.334,0.334,0.1067
0.315,0.305,0.218,0.203,0.203,0.1974
0.242,0.271,0.288,0.292,0.292,0.0701
0.271,0.289,0.275,0.248,0.248,0.2134
0.236,0.304,0.286,0.317,0.317,0.1973
0.328,0.339,0.359,0.372,0.372,0.1111
0.327,0.365,0.356,0.39,0.39,0.1589
0.425,0.451,0.471,0.482,0.482,0.154
0.425,0.495,0.451,0.531,0.531,0.2446
0.5,0.507,0.54,0.532,0.532,0.1582
0.496,0.504,0.502,0.486,0.486,0.3008
0.527,0.519,0.487,0.488,0.488,0.4169
0.453,0.473,0.503,0.504,0.504,0.1145
0.447,0.446,0.425,0.402,0.402,0.2309
0.304,0.415,0.354,0.449,0.449,0.1685
0.447,0.456,0.442,0.416,0.416,0.254
0.361,0.377,0.39,0.365,0.365,0.2949
0.229,0.229,0.171,0.136,0.136,0.4249
0.15,0.293,0.189,0.319,0.319,0.8939
0.265,0.295,0.281,0.325,0.325,0.4779
0.51,0.647,0.576,0.667,0.667,0.4696
0.818,0.831,0.765,0.787,0.787,0.353
0.737,0.804,0.808,0.797,0.797,0.2842
0.755,0.751,0.775,0.768,0.768,0.1538
0.76,0.847,0.825,0.896,0.896,0.1738
0.828,0.883,0.916,0.928,0.928,0.255
0.846,0.861,0.898,0.868,0.868,0.1342
0.825,0.839,0.86,0.826,0.826,0.2299
0.784,0.805,0.835,0.841,0.841,0.2819
0.833,0.919,0.909,0.959,0.959,0.1563
1.0,1.0,0.974,0.961,0.961,0.2189
0.842,0.841,0.878,0.888,0.888,0.1551
0.788,0.832,0.873,0.867,0.867,0.1255
0.786,0.909,0.871,0.94,0.94,0.3338
0.838,0.839,0.822,0.788,0.788,0.2026
0.714,0.761,0.731,0.775,0.775,0.2104
0.859,0.912,0.913,0.928,0.928,0.3226
0.895,0.938,0.927,0.887,0.887,0.2813
0.656,0.71,0.676,0.733,0.733,0.1875
0.792,0.868,0.863,0.907,0.907,0.1668
0.86,0.923,0.933,0.945,0.945,0.254
0.951,0.957,0.906,0.928,0.928,0.1636
0.86,0.914,0.827,0.86,0.86,0.3095
0.86,0.875,0.824,0.915,0.915,0.2722
0.821,0.869,0.87,0.852,0.852,0.2507
0.844,0.954,0.932,0.972,0.972,0.4068
0.875,0.949,0.965,0.956,0.956,0.1424
0.943,0.961,1.0,1.0,1.0,0.1819
0.871,0.88,0.862,0.827,0.827,0.1829
0.763,0.785,0.797,0.83,0.83,0.0956
0.785,0.908,0.864,0.918,0.918,0.2995
0.754,0.752,0.75,0.765,0.765,0.3297
0.713,0.709,0.679,0.655,0.655,0.2307
0.653,0.682,0.685,0.655,0.655,0.4786
0.625,0.672,0.648,0.684,0.684,0.2044
0.693,0.737,0.737,0.734,0.734,0.1367
0.686,0.686,0.696,0.67,0.67,0.2173
0.591,0.646,0.634,0.678,0.678,0.1839
0.736,0.784,0.707,0.751,0.751,0.1817
0.651,0.686,0.716,0.713,0.713,0.0925
0.745,0.805,0.818,0.835,0.835,0.1362
0.668,0.668,0.644,0.649,0.649,0.5222
0.595,0.632,0.653,0.652,0.652,0.2984
0.557,0.563,0.556,0.541,0.541,0.1409
0.522,0.519,0.541,0.518,0.518,0.2404
0.486,0.479,0.484,0.469,0.469,0.1702
0.457,0.457,0.46,0.451,0.451,0.2487
0.409,0.401,0.381,0.421,0.421,0.2841
0.203,0.22,0.172,0.14,0.14,0.5528
0.228,0.225,0.185,0.157,0.157,0.3754
0.211,0.222,0.238,0.234,0.234,0.3032
0.289,0.28,0.304,0.29,0.29,0.625
0.295,0.289,0.321,0.308,0.308,0.2339
0.228,0.216,0.132,0.101,0.101,0.531
0.094,0.124,0.125,0.118,0.118,0.6071
0.09,0.103,0.109,0.115,0.115,0.2493
0.244,0.232,0.196,0.161,0.161,0.2808
0.157,0.164,0.193,0.17,0.17,0.1376
0.209,0.241,0.206,0.268,0.268,0.358
0.331,0.336,0.326,0.325,0.325,0.4084
0.341,0.436,0.37,0.448,0.448,0.5168
0.433,0.434,0.369,0.384,0.384,0.2496
0.259,0.263,0.236,0.219,0.219,0.3333
0.228,0.224,0.198,0.191,0.191,0.3691
0.125,0.136,0.154,0.156,0.156,0.2036
0.223,0.212,0.226,0.194,0.194,0.3011
0.194,0.215,0.225,0.235,0.235,0.2472
0.236,0.292,0.275,0.283,0.283,0.1578
0.288,0.289,0.212,0.174,0.174,0.2521
0.122,0.147,0.16,0.157,0.157,0.3294
0.129,0.139,0.146,0.113,0.113,0.1195
0.124,0.169,0.161,0.174,0.174,0.1045
0.19,0.182,0.171,0.208,0.208,0.1297
0.269,0.282,0.296,0.299,0.299,0.2886
0.352,0.434,0.408,0.434,0.434,0.2553
0.36,0.39,0.378,0.409,0.409,0.2026
0.363,0.393,0.406,0.399,0.399,0.1796
0.468,0.556,0.522,0.576,0.576,0.3622
0.524,0.578,0.561,0.523,0.523,0.2345
0.443,0.444,0.416,0.377,0.377,0.4009
0.39,0.407,0.428,0.432,0.432,0.1575
0.431,0.497,0.482,0.529,0.529,0.1593
0.518,0.565,0.588,0.581,0.581,0.1563
0.559,0.559,0.562,0.552,0.552,0.1143
0.526,0.565,0.586,0.575,0.575,0.1447
0.553,0.593,0.614,0.595,0.595,0.0906
0.553,0.561,0.603,0.599,0.599,0.0111
0.552,0.573,0.623,0.604,0.604,0.0385
0.548,0.569,0.608,0.606,0.606,0.1237
0.556,0.603,0.618,0.623,0.623,0.182
0.589,0.594,0.62,0.623,0.623,0.1147
0.598,0.602,0.645,0.635,0.635,0.0787
0.549,0.578,0.614,0.592,0.592,0.1642
0.578,0.596,0.588,0.628,0.628,0.1625
0.6,0.594,0.498,0.48,0.48,0.3331
0.478,0.483,0.502,0.463,0.463,0.2293
0.471,0.475,0.494,0.459,0.459,0.1093
0.466,0.492,0.492,0.505,0.505,0.1528
0.458,0.472,0.502,0.479,0.479,0.1144
0.475,0.481,0.479,0.457,0.457,0.4068
0.465,0.527,0.517,0.477,0.477,0.2227
0.487,0.5,0.522,0.487,0.487,0.2518
0.465,0.475,0.489,0.455,0.47,0.239
0.439,0.454,0.464,0.427,0.442,0.2601
0.396,0.387,0.416,0.384,0.399,0.3175
0.368,0.391,0.357,0.337,0.352,1.0
0.331,0.355,0.373,0.386,0.4,0.0506
0.464,0.455,0.471,0.46,0.475,0.3697
0.458,0.455,0.467,0.448,0.463,0.1532
0.362,0.369,0.387,0.396,0.411,0.231
0.36,0.392,0.395,0.408,0.423,0.28
0.351,0.36,0.372,0.391,0.406,0.1987
0.383,0.397,0.401,0.383,0.398,0.1416
0.389,0.408,0.434,0.436,0.451,0.0915
0.428,0.47,0.485,0.492,0.507,0.112
0.463,0.467,0.503,0.469,0.484,0.0742
0.332,0.324,0.194,0.158,0.172,0.3543
0.165,0.171,0.154,0.165,0.179,0.2324
0.163,0.2,0.19,0.219,0.233,0.1132
0.233,0.232,0.205,0.179,0.193,0.1453
0.192,0.18,0.205,0.195,0.209,0.1084
0.178,0.199,0.224,0.224,0.239,0.1401
0.195,0.201,0.197,0.19,0.204,0.1188
0.155,0.209,0.189,0.22,0.235,0.1662
0.222,0.267,0.269,0.275,0.289,0.1826
0.253,0.256,0.269,0.236,0.25,0.0674
0.242,0.253,0.278,0.246,0.26,0.094
0.284,0.301,0.287,0.326,0.341,0.2401
0.323,0.38,0.353,0.402,0.417,0.3384
0.405,0.436,0.444,0.421,0.437,0.1118
0.453,0.505,0.462,0.432,0.448,0.1147
0.435,0.486,0.487,0.502,0.517,0.089
0.497,0.496,0.522,0.514,0.529,0.1106
0.49,0.49,0.497,0.494,0.509,0.0974
0.462,0.472,0.507,0.499,0.514,0.0844
0.534,0.559,0.594,0.585,0.601,0.1832
0.534,0.535,0.497,0.506,0.521,0.2348
0.446,0.544,0.508,0.577,0.592,0.2785
0.533,0.541,0.537,0.499,0.514,0.2297
0.448,0.503,0.497,0.515,0.531,0.1496
0.518,0.557,0.568,0.594,0.609,0.1627
0.572,0.625,0.642,0.629,0.645,0.3318
0.669,0.669,0.664,0.654,0.67,0.2111
0.629,0.657,0.68,0.694,0.711,0.3975
0.643,0.647,0.661,0.623,0.639,0.1278
0.61,0.643,0.668,0.663,0.679,0.1698
0.653,0.675,0.706,0.676,0.692,0.3437
0.699,0.703,0.717,0.685,0.701,0.2861
0.677,0.681,0.726,0.716,0.732,0.4552
0.686,0.69,0.711,0.681,0.697,0.4961
0.609,0.632,0.627,0.588,0.603,0.1827
0.562,0.611,0.616,0.614,0.63,0.3932
0.586,0.591,0.616,0.592,0.608,0.1298
0.576,0.569,0.579,0.541,0.556,0.4148
0.523,0.531,0.557,0.519,0.534,0.0877
0.531,0.552,0.526,0.504,0.52,0.4203
0.484,0.509,0.473,0.44,0.455,0.4405
0.447,0.444,0.423,0.415,0.43,0.386
0.414,0.457,0.478,0.488,0.503,0.5426
0.474,0.481,0.473,0.446,0.462,0.1918
0.335,0.356,0.364,0.368,0.383,0.294
0.356,0.346,0.374,0.351,0.366,0.1831
0.306,0.351,0.365,0.361,0.376,0.1874
0.395,0.416,0.449,0.434,0.449,0.3357
0.455,0.458,0.454,0.414,0.43,0.1589
0.432,0.439,0.489,0.46,0.475,0.5168
0.404,0.438,0.346,0.319,0.334,0.2557
0.316,0.373,0.367,0.391,0.406,0.3606
0.368,0.389,0.367,0.382,0.397,0.3209
0.36,0.388,0.388,0.418,0.433,0.4383
0.373,0.38,0.36,0.358,0.373,0.1096
0.355,0.382,0.406,0.392,0.407,0.1501
0.376,0.366,0.374,0.377,0.392,0.1322
0.369,0.391,0.417,0.412,0.427,0.2105
0.379,0.373,0.398,0.359,0.374,0.081
0.392,0.384,0.381,0.354,0.368,0.5177
0.331,0.406,0.391,0.416,0.431,0.5118
0.432,0.424,0.446,0.444,0.459,0.4181
0.515,0.514,0.549,0.532,0.548,0.401
0.533,0.536,0.555,0.537,0.552,0.3885
0.466,0.532,0.53,0.568,0.584,0.4979
0.565,0.649,0.622,0.69,0.706,0.4615
0.644,0.646,0.673,0.642,0.658,0.1825
0.593,0.623,0.651,0.649,0.665,0.1221
0.63,0.625,0.657,0.64,0.656,0.0871
0.609,0.604,0.627,0.59,0.606,0.4726
0.57,0.58,0.573,0.533,0.549,0.1403
0.49,0.506,0.501,0.499,0.514,0.1578
0.382,0.42,0.41,0.453,0.468,0.2723
0.37,0.39,0.335,0.314,0.328,0.4036
0.376,0.399,0.393,0.368,0.383,0.2743
0.335,0.345,0.347,0.322,0.337,0.3306
0.303,0.314,0.307,0.337,0.352,0.2432
0.3,0.313,0.297,0.27,0.285,0.2668
0.263,0.259,0.295,0.262,0.277,0.3779
0.266,0.291,0.313,0.318,0.332,0.4818
0.277,0.304,0.33,0.325,0.34,0.2088
0.279,0.272,0.306,0.285,0.3,0.2097
0.269,0.267,0.303,0.281,0.296,0.1106
0.259,0.305,0.307,0.304,0.319,0.1555
0.291,0.308,0.297,0.26,0.274,0.0767
0.249,0.237,0.242,0.226,0.24,0.2231
